/*
 Navicat Premium Data Transfer

 Source Server         : localhost3306
 Source Server Type    : MySQL
 Source Server Version : 50720
 Source Host           : localhost:3306
 Source Schema         : miyu-acs

 Target Server Type    : MySQL
 Target Server Version : 50720
 File Encoding         : 65001

 Date: 20/06/2024 13:27:30
*/

SET NAMES utf8mb4;
SET FOREIGN_KEY_CHECKS = 0;

-- ----------------------------
-- Table structure for macs_access_application
-- ----------------------------
DROP TABLE IF EXISTS `macs_access_application`;
CREATE TABLE `macs_access_application`  (
  `id` varchar(32) CHARACTER SET utf8 COLLATE utf8_general_ci NOT NULL COMMENT '主键id',
  `application_number` varchar(32) CHARACTER SET utf8 COLLATE utf8_general_ci NULL DEFAULT NULL COMMENT '申请单号',
  `agent` varchar(100) CHARACTER SET utf8 COLLATE utf8_general_ci NULL DEFAULT NULL COMMENT '申请代理人',
  `organization` varchar(64) CHARACTER SET utf8 COLLATE utf8_general_ci NULL DEFAULT NULL COMMENT '公司/组织',
  `department` varchar(100) CHARACTER SET utf8 COLLATE utf8_general_ci NULL DEFAULT NULL COMMENT '部门',
  `reason` varchar(255) CHARACTER SET utf8 COLLATE utf8_general_ci NULL DEFAULT NULL COMMENT '申请原因/目的',
  `status` varchar(4) CHARACTER SET utf8 COLLATE utf8_general_ci NULL DEFAULT NULL COMMENT '申请状态',
  `create_by` varchar(32) CHARACTER SET utf8 COLLATE utf8_general_ci NULL DEFAULT NULL COMMENT '创建人',
  `create_time` datetime NULL DEFAULT NULL COMMENT '创建时间',
  `update_by` varchar(32) CHARACTER SET utf8 COLLATE utf8_general_ci NULL DEFAULT NULL COMMENT '更新人',
  `update_time` datetime NULL DEFAULT NULL COMMENT '更新时间',
  `deleted` tinyint(1) NULL DEFAULT 0 COMMENT '删除标志',
  `process_instance_id` varchar(64) CHARACTER SET utf8 COLLATE utf8_general_ci NULL DEFAULT NULL COMMENT '流程实例的编号',
  PRIMARY KEY (`id`) USING BTREE
) ENGINE = InnoDB CHARACTER SET = utf8 COLLATE = utf8_general_ci COMMENT = '通行申请' ROW_FORMAT = Dynamic;

-- ----------------------------
-- Records of macs_access_application
-- ----------------------------
INSERT INTO `macs_access_application` VALUES ('1793924155976118274', '12312', '3123', '123123', '123', '123', '0', '1', '2024-05-24 16:37:03', '1', '2024-05-24 16:37:04', 1, 'cb829fa0-19a8-11ef-b228-68545a4d5437');
INSERT INTO `macs_access_application` VALUES ('1793924881485852674', '2', '2', '3', '3', '3', '0', '1', '2024-05-24 16:39:56', '1', '2024-05-24 16:39:56', 1, '32859fa7-19a9-11ef-9041-68545a4d5437');
INSERT INTO `macs_access_application` VALUES ('1793926072265535489', '1', '2', '3', '4', '5', '2', '1', '2024-05-24 16:44:40', '1', '2024-05-24 16:44:40', 0, 'dbcd0b6c-19a9-11ef-9bb9-68545a4d5437');
INSERT INTO `macs_access_application` VALUES ('1793927228102471682', '22', '33', '44', '55', '66', '2', '1', '2024-05-24 16:49:15', '1', '2024-05-24 16:49:16', 0, '800cc60c-19aa-11ef-b9a0-68545a4d5437');
INSERT INTO `macs_access_application` VALUES ('1794902343262875649', NULL, NULL, NULL, NULL, NULL, '0', '1', '2024-05-27 09:24:01', '1', '2024-05-27 09:24:02', 1, 'cc6e587a-1bc7-11ef-a81d-68545a4d5437');
INSERT INTO `macs_access_application` VALUES ('1795370132150886401', NULL, NULL, NULL, NULL, NULL, '0', '1', '2024-05-28 16:22:51', '1', '2024-05-28 16:22:51', 1, '790c9055-1ccb-11ef-a5a1-68545a4d5437');
INSERT INTO `macs_access_application` VALUES ('1795692264353357826', 'Test001', 'admin', 'miyu', '测试', '测试', '2', '1', '2024-05-29 13:42:53', '1', '2024-05-29 13:42:53', 0, '4ade92f2-1d7e-11ef-9c75-68545a4d5437');

-- ----------------------------
-- Table structure for macs_access_records
-- ----------------------------
DROP TABLE IF EXISTS `macs_access_records`;
CREATE TABLE `macs_access_records`  (
  `id` varchar(32) CHARACTER SET utf8 COLLATE utf8_general_ci NOT NULL COMMENT 'id',
  `user_id` varchar(32) CHARACTER SET utf8 COLLATE utf8_general_ci NULL DEFAULT NULL COMMENT '访问人员id',
  `visitor_id` varchar(32) CHARACTER SET utf8 COLLATE utf8_general_ci NULL DEFAULT NULL COMMENT '访客访问人员id',
  `user_code` varchar(100) CHARACTER SET utf8 COLLATE utf8_general_ci NULL DEFAULT NULL COMMENT '访问人员编号',
  `user_name` varchar(100) CHARACTER SET utf8 COLLATE utf8_general_ci NULL DEFAULT NULL COMMENT '访问人员姓名',
  `operator_id` varchar(32) CHARACTER SET utf8 COLLATE utf8_general_ci NULL DEFAULT NULL COMMENT '操作人员id',
  `device_id` varchar(32) CHARACTER SET utf8 COLLATE utf8_general_ci NULL DEFAULT NULL COMMENT '设备id',
  `door_id` varchar(32) CHARACTER SET utf8 COLLATE utf8_general_ci NULL DEFAULT NULL COMMENT '门id',
  `door_name` varchar(32) CHARACTER SET utf8 COLLATE utf8_general_ci NULL DEFAULT NULL COMMENT '门名称',
  `collector_id` varchar(32) CHARACTER SET utf8 COLLATE utf8_general_ci NULL DEFAULT NULL COMMENT '采集器Id',
  `collector_name` varchar(100) CHARACTER SET utf8 COLLATE utf8_general_ci NULL DEFAULT NULL COMMENT '采集器名称',
  `collector_code` varchar(100) CHARACTER SET utf8 COLLATE utf8_general_ci NULL DEFAULT NULL COMMENT '采集器编码',
  `region_id` varchar(100) CHARACTER SET utf8 COLLATE utf8_general_ci NULL DEFAULT NULL COMMENT '位置Id',
  `region_name` varchar(100) CHARACTER SET utf8 COLLATE utf8_general_ci NULL DEFAULT NULL COMMENT '位置名称',
  `action` int(2) NULL DEFAULT NULL COMMENT '动作(-1,未知,0校验,1进,2出,3开门,4关门)',
  `message` varchar(255) CHARACTER SET utf8 COLLATE utf8_general_ci NULL DEFAULT NULL COMMENT '备注信息',
  `create_time` datetime NULL DEFAULT NULL COMMENT '创建时间',
  PRIMARY KEY (`id`) USING BTREE
) ENGINE = InnoDB CHARACTER SET = utf8 COLLATE = utf8_general_ci COMMENT = '通行记录' ROW_FORMAT = Dynamic;

-- ----------------------------
-- Records of macs_access_records
-- ----------------------------
INSERT INTO `macs_access_records` VALUES ('1725058914500927489', NULL, '1750059594810601473', NULL, NULL, NULL, '1722492198713479169', '1716995530970828801', '门1', '1724713287141191682', '测试1', 'ABC', '1713798809214197761', '测试2', 2, NULL, '2023-11-16 15:51:10');
INSERT INTO `macs_access_records` VALUES ('1725063920998350850', '3d464b4ea0d2491aab8a7bde74c57e95', '1750059594810601473', '0005', '张三', NULL, '1722492198713479169', '1716995530970828801', '门1', '1724713287141191682', '测试1', 'ABC', '1713798809214197761', '测试2', 2, NULL, '2023-11-16 16:11:04');
INSERT INTO `macs_access_records` VALUES ('1725071240255930370', '3d464b4ea0d2491aab8a7bde74c57e95', '1750059594810601473', '0005', '张三', NULL, '1722492198713479169', '1716995530970828801', '门1', '1724713287141191682', '测试1', 'ABC', '1713798809214197761', '测试2', 1, NULL, '2023-11-16 16:40:09');
INSERT INTO `macs_access_records` VALUES ('1726854982490300418', '3d464b4ea0d2491aab8a7bde74c57e95', '1750059594810601473', '0005', '张三', NULL, '1722492198713479169', '1716995530970828801', '门1', '1724713287141191682', '测试1', 'ABC', '1713798809214197761', '测试2', 1, NULL, '2023-11-21 14:48:06');
INSERT INTO `macs_access_records` VALUES ('1729411993367146497', '3d464b4ea0d2491aab8a7bde74c57e95', '1750059594810601473', '0005', '张三', NULL, '1722492198713479169', '1716995530970828801', '门1', '1724713287141191682', '测试1', 'ABC', '1713798809214197761', '测试2', 1, NULL, '2023-11-28 16:08:45');
INSERT INTO `macs_access_records` VALUES ('1729412103060779009', '3d464b4ea0d2491aab8a7bde74c57e95', '1750059594810601473', '0005', '张三', NULL, '1722492198713479169', '1716995530970828801', '门1', '1724713287141191682', '测试1', 'ABC', '1713798809214197761', '测试2', 2, NULL, '2023-11-28 16:09:11');
INSERT INTO `macs_access_records` VALUES ('1729421542182543361', '3d464b4ea0d2491aab8a7bde74c57e95', '1750059594810601473', '0005', '张三', NULL, '1722492198713479169', '1716995530970828801', '门1', '1724713287141191682', '测试1', 'ABC', '1713798809214197761', '测试2', 2, NULL, '2023-11-28 16:46:41');
INSERT INTO `macs_access_records` VALUES ('1729421695199141890', '3d464b4ea0d2491aab8a7bde74c57e95', '1750059594810601473', '0005', '张三', NULL, '1722492198713479169', '1716995530970828801', '门1', '1724713287141191682', '测试1', 'ABC', '1713798809214197761', '测试2', 1, NULL, '2023-11-28 16:47:18');
INSERT INTO `macs_access_records` VALUES ('1729421795136823297', '3d464b4ea0d2491aab8a7bde74c57e95', '1750059594810601473', '0005', '张三', NULL, '1722492198713479169', '1716995530970828801', '门1', '1724713287141191682', '测试1', 'ABC', '1713798809214197761', '测试2', 1, NULL, '2023-11-28 16:47:42');
INSERT INTO `macs_access_records` VALUES ('1729422094102618114', '3d464b4ea0d2491aab8a7bde74c57e95', '1750059594810601473', '0005', '张三', NULL, '1722492198713479169', '1716995530970828801', '门1', '1724713287141191682', '测试1', 'ABC', '1713798809214197761', '测试2', 1, NULL, '2023-11-28 16:48:53');
INSERT INTO `macs_access_records` VALUES ('1729423085652856833', '3d464b4ea0d2491aab8a7bde74c57e95', '1750059594810601473', '0005', '张三', NULL, '1722492198713479169', '1716995530970828801', '门1', '1724713287141191682', '测试1', 'ABC', '1713798809214197761', '测试2', 1, NULL, '2023-11-28 16:52:49');
INSERT INTO `macs_access_records` VALUES ('1729423400141750273', '3d464b4ea0d2491aab8a7bde74c57e95', '1750059594810601473', '0005', '张三', NULL, '1722492198713479169', '1716995530970828801', '门1', '1724713287141191682', '测试1', 'ABC', '1713798809214197761', '测试2', 1, NULL, '2023-11-28 16:54:04');
INSERT INTO `macs_access_records` VALUES ('1729424175261691905', '3d464b4ea0d2491aab8a7bde74c57e95', '1750059594810601473', '0005', '张三', NULL, '1722492198713479169', '1716995530970828801', '门1', '1724713287141191682', '测试1', 'ABC', '1713798809214197761', '测试2', 1, NULL, '2023-11-28 16:57:09');
INSERT INTO `macs_access_records` VALUES ('1729424541982273537', '3d464b4ea0d2491aab8a7bde74c57e95', '1750059594810601473', '0005', '张三', NULL, '1722492198713479169', '1716995530970828801', '门1', '1724713287141191682', '测试1', 'ABC', '1713798809214197761', '测试2', 2, NULL, '2023-11-28 16:58:37');
INSERT INTO `macs_access_records` VALUES ('1729424816004542466', '3d464b4ea0d2491aab8a7bde74c57e95', '1750059594810601473', '0005', '张三', NULL, '1722509618916257793', '1716998655165263874', '1231', '1724713287141191682', '测试1', 'ABC', '1713798681975791617', '测试1', 2, NULL, '2023-11-28 16:59:42');
INSERT INTO `macs_access_records` VALUES ('1729426531546263553', '3d464b4ea0d2491aab8a7bde74c57e95', '1750059594810601473', '0005', '张三', NULL, '1722509618916257793', '1716998655165263874', '1231', '1724713287141191682', '测试1', 'ABC', '1713798681975791617', '测试1', 2, NULL, '2023-11-28 17:06:31');
INSERT INTO `macs_access_records` VALUES ('1729426617076510722', '3d464b4ea0d2491aab8a7bde74c57e95', '1750059594810601473', '0005', '张三', NULL, '1722509618916257793', '1716998655165263874', '1231', '1724713287141191682', '测试1', 'ABC', '1713798681975791617', '测试1', 1, NULL, '2023-11-28 17:06:51');
INSERT INTO `macs_access_records` VALUES ('1750033892539351041', '3d464b4ea0d2491aab8a7bde74c57e95', '1750059594810601473', '0005', '张三', NULL, '1722509618916257793', '1716998698752471041', '1231', '1724713287141191682', '测试1', 'ABC', '1713798809214197762', '测试4', 0, NULL, '2024-01-24 13:52:49');
INSERT INTO `macs_access_records` VALUES ('1750034224006807554', '3d464b4ea0d2491aab8a7bde74c57e95', '1750059594810601473', '0005', '张三', NULL, '1722509618916257793', '1716998698752471041', '1231', '1724713287141191682', '测试1', 'ABC', '1713798809214197762', '测试4', 0, NULL, '2024-01-24 13:54:08');
INSERT INTO `macs_access_records` VALUES ('1750034791148011522', NULL, '1750059594810601473', NULL, NULL, NULL, '1722509618916257793', '1716998698752471041', '1231', '1724713287141191682', '测试1', 'ABC', '1713798809214197762', '测试4', 0, '当前用户不存在!1234567A', '2024-01-24 13:56:23');
INSERT INTO `macs_access_records` VALUES ('1750034804674641922', NULL, '1750059594810601473', NULL, NULL, NULL, '1722509618916257793', '1716998698752471041', '1231', '1724713287141191682', '测试1', 'ABC', '1713798809214197762', '测试4', 0, '当前用户不存在!1234567A', '2024-01-24 13:56:26');
INSERT INTO `macs_access_records` VALUES ('1750034831308472321', NULL, '1750059594810601473', NULL, NULL, NULL, '1722509618916257793', '1716998698752471041', '1231', '1724713287141191682', '测试1', 'ABC', '1713798809214197762', '测试4', 0, '当前用户不存在!1234567A', '2024-01-24 13:56:33');
INSERT INTO `macs_access_records` VALUES ('1750034929597792258', NULL, '1750059594810601473', NULL, NULL, NULL, '1722509618916257793', '1716998698752471041', '1231', '1724713287141191682', '测试1', 'ABC', '1713798809214197762', '测试4', 0, '当前用户不存在!1234567A', '2024-01-24 13:56:56');
INSERT INTO `macs_access_records` VALUES ('1750036638810226689', NULL, '1750059594810601473', NULL, NULL, NULL, '1722509618916257793', '1716998698752471041', '1231', '1724713287141191682', '测试1', 'ABC', '1713798809214197762', '测试4', 0, '当前用户不存在!1234567A', '2024-01-24 14:03:43');
INSERT INTO `macs_access_records` VALUES ('1750038187447926786', NULL, '1750041202829541380', NULL, 'BB', NULL, '1722509618916257793', '1716998698752471041', '1231', '1724713287141191682', '测试1', 'ABC', '1713798809214197762', '测试4', 1, NULL, '2024-01-24 14:09:53');
INSERT INTO `macs_access_records` VALUES ('1750041332123156482', NULL, '1750041202829541380', NULL, 'BB', NULL, '1722509618916257793', '1716998698752471041', '1231', '1724713287141191682', '测试1', 'ABC', '1713798809214197762', '测试4', 1, NULL, '2024-01-24 14:22:22');
INSERT INTO `macs_access_records` VALUES ('1750041562528858114', '1750041202829541380', NULL, NULL, 'BB', NULL, '1722509618916257793', '1716998698752471041', '1231', '1737370531745972225', '22222', '2222', '1713798809214197762', '测试4', 0, NULL, '2024-01-24 14:23:17');
INSERT INTO `macs_access_records` VALUES ('1750041719391633409', '1750041202829541380', NULL, NULL, 'BB', NULL, '1722509618916257793', '1716998698752471041', '1231', '1737370531745972225', '22222', '2222', '1713798809214197762', '测试4', 0, NULL, '2024-01-24 14:23:55');
INSERT INTO `macs_access_records` VALUES ('1750041740744835073', '1750041202829541380', NULL, NULL, 'BB', NULL, '1722509618916257793', '1716998698752471041', '1231', '1737370531745972225', '22222', '2222', '1713798809214197762', '测试4', 0, NULL, '2024-01-24 14:24:00');
INSERT INTO `macs_access_records` VALUES ('1750041929031335938', '1750041202829541380', NULL, NULL, 'BB', NULL, '1722509618916257793', '1716998698752471041', '1231', '1737370531745972225', '22222', '2222', '1713798809214197762', '测试4', 0, NULL, '2024-01-24 14:24:45');
INSERT INTO `macs_access_records` VALUES ('1750042163908165633', '1750041202829541380', NULL, NULL, 'BB', NULL, '1722509618916257793', '1716998698752471041', '1231', '1737370531745972225', '22222', '2222', '1713798809214197762', '测试4', 0, NULL, '2024-01-24 14:25:41');
INSERT INTO `macs_access_records` VALUES ('1750042479999303682', '1750041202829541380', NULL, NULL, 'BB', NULL, '1722509618916257793', '1716998698752471041', '1231', '1724713287141191682', '测试1', 'ABC', '1713798809214197762', '测试4', 1, NULL, '2024-01-24 14:26:56');
INSERT INTO `macs_access_records` VALUES ('1750046632024657921', '1750041202829541380', NULL, NULL, 'BB', NULL, '1722509618916257793', '1716998698752471041', '1231', '1737370531745972225', '22222', '2222', '1713798809214197762', '测试4', 0, NULL, '2024-01-24 14:43:26');
INSERT INTO `macs_access_records` VALUES ('1750047334797062146', '1750041202829541380', NULL, NULL, 'BB', NULL, '1722509618916257793', '1716998698752471041', '1231', '1737370531745972225', '22222', '2222', '1713798809214197762', '测试4', 0, NULL, '2024-01-24 14:46:14');
INSERT INTO `macs_access_records` VALUES ('1765987860549349378', NULL, '1750041202829541380', NULL, 'BB', NULL, '1722509618916257793', '1716998698752471041', '1231', '1737370531745972225', '22222', '2222', '1713798809214197762', '测试4', 0, NULL, '2024-03-08 14:28:11');
INSERT INTO `macs_access_records` VALUES ('1765987860641624066', NULL, '1750041202829541380', NULL, 'BB', NULL, '1722509618916257793', '1716998698752471041', '1231', '1737370531745972225', '22222', '2222', '1713798809214197762', '测试4', 0, '未授权!', '2024-03-08 14:28:11');
INSERT INTO `macs_access_records` VALUES ('1765988947712946178', NULL, NULL, NULL, NULL, NULL, '1722509618916257793', '1716998698752471041', '1231', '1737370531745972225', '22222', '2222', '1713798809214197762', '测试4', 0, '当前用户不存在!1234567', '2024-03-08 14:32:30');
INSERT INTO `macs_access_records` VALUES ('1765989019267772418', NULL, NULL, NULL, NULL, NULL, '1722509618916257793', '1716998698752471041', '1231', '1737370531745972225', '22222', '2222', '1713798809214197762', '测试4', 0, '当前卡号存在多名用户!', '2024-03-08 14:32:47');
INSERT INTO `macs_access_records` VALUES ('1765989074716471298', NULL, NULL, NULL, NULL, NULL, '1722509618916257793', '1716998698752471041', '1231', '1737370531745972225', '22222', '2222', '1713798809214197762', '测试4', 0, '[401] during [GET] to [http://jeecg-system/sys/user/queryById?id=f0019fdebedb443c98dcb17d88222c38] [SystemApi#queryById(String)]: [{\"success\":false,\"message\":\"Token失效，请重新登录!\",\"code\":401,\"result\":null,\"timestamp\":1709879580567}]', '2024-03-08 14:33:01');
INSERT INTO `macs_access_records` VALUES ('1765989271341248514', NULL, NULL, NULL, NULL, NULL, '1722509618916257793', '1716998698752471041', '1231', '1737370531745972225', '22222', '2222', '1713798809214197762', '测试4', 0, '[401] during [GET] to [http://jeecg-system/sys/user/queryById?id=f0019fdebedb443c98dcb17d88222c38] [SystemApi#queryById(String)]: [{\"success\":false,\"message\":\"Token失效，请重新登录!\",\"code\":401,\"result\":null,\"timestamp\":1709879627444}]', '2024-03-08 14:33:47');
INSERT INTO `macs_access_records` VALUES ('1765989991264157697', NULL, NULL, NULL, NULL, NULL, '1722509618916257793', '1716998698752471041', '1231', '1737370531745972225', '22222', '2222', '1713798809214197762', '测试4', 0, '[401] during [GET] to [http://jeecg-system/sys/user/queryById?id=f0019fdebedb443c98dcb17d88222c38] [SystemApi#queryById(String)]: [{\"success\":false,\"message\":\"Token失效，请重新登录!\",\"code\":401,\"result\":null,\"timestamp\":1709879799043}]', '2024-03-08 14:36:39');
INSERT INTO `macs_access_records` VALUES ('1765990175175999489', NULL, NULL, NULL, NULL, NULL, '1722509618916257793', '1716998698752471041', '1231', '1737370531745972225', '22222', '2222', '1713798809214197762', '测试4', 0, '[401] during [GET] to [http://jeecg-system/sys/user/queryById?id=f0019fdebedb443c98dcb17d88222c38] [SystemApi#queryById(String)]: [{\"success\":false,\"message\":\"Token失效，请重新登录!\",\"code\":401,\"result\":null,\"timestamp\":1709879817979}]', '2024-03-08 14:37:23');
INSERT INTO `macs_access_records` VALUES ('1765990271183618050', NULL, NULL, NULL, NULL, NULL, '1722509618916257793', '1716998698752471041', '1231', '1737370531745972225', '22222', '2222', '1713798809214197762', '测试4', 0, '[401] during [GET] to [http://jeecg-system/sys/user/queryById?id=f0019fdebedb443c98dcb17d88222c38] [SystemApi#queryById(String)]: [{\"success\":false,\"message\":\"Token失效，请重新登录!\",\"code\":401,\"result\":null,\"timestamp\":1709879864000}]', '2024-03-08 14:37:46');
INSERT INTO `macs_access_records` VALUES ('1765990476461244417', NULL, NULL, NULL, NULL, NULL, '1722509618916257793', '1716998698752471041', '1231', '1737370531745972225', '22222', '2222', '1713798809214197762', '测试4', 0, '[401] during [GET] to [http://jeecg-system/sys/user/queryById?id=f0019fdebedb443c98dcb17d88222c38] [SystemApi#queryById(String)]: [{\"success\":false,\"message\":\"Token失效，请重新登录!\",\"code\":401,\"result\":null,\"timestamp\":1709879906280}]', '2024-03-08 14:38:35');
INSERT INTO `macs_access_records` VALUES ('1765990802752929793', NULL, NULL, NULL, NULL, NULL, '1722509618916257793', '1716998698752471041', '1231', '1737370531745972225', '22222', '2222', '1713798809214197762', '测试4', 0, '[401] during [GET] to [http://jeecg-system/sys/user/queryById?id=f0019fdebedb443c98dcb17d88222c38] [SystemApi#queryById(String)]: [{\"success\":false,\"message\":\"Token失效，请重新登录!\",\"code\":401,\"result\":null,\"timestamp\":1709879992551}]', '2024-03-08 14:39:53');
INSERT INTO `macs_access_records` VALUES ('1765990969916915713', 'f0019fdebedb443c98dcb17d88222c38', NULL, '00003', '张小红12', NULL, '1722509618916257793', '1716998698752471041', '1231', '1737370531745972225', '22222', '2222', '1713798809214197762', '测试4', 0, NULL, '2024-03-08 14:40:32');
INSERT INTO `macs_access_records` VALUES ('1765990970046939138', 'f0019fdebedb443c98dcb17d88222c38', NULL, '00003', '张小红12', NULL, '1722509618916257793', '1716998698752471041', '1231', '1737370531745972225', '22222', '2222', '1713798809214197762', '测试4', 0, NULL, '2024-03-08 14:40:32');
INSERT INTO `macs_access_records` VALUES ('1765991343243526146', 'f0019fdebedb443c98dcb17d88222c38', NULL, '00003', '张小红12', NULL, '1722509618916257793', '1716998698752471041', '1231', '1737370531745972225', '22222', '2222', '1713798809214197762', '测试4', 0, NULL, '2024-03-08 14:42:01');
INSERT INTO `macs_access_records` VALUES ('1765991343440658434', 'f0019fdebedb443c98dcb17d88222c38', NULL, '00003', '张小红12', NULL, '1722509618916257793', '1716998698752471041', '1231', '1737370531745972225', '22222', '2222', '1713798809214197762', '测试4', 0, NULL, '2024-03-08 14:42:01');
INSERT INTO `macs_access_records` VALUES ('1765991449665601537', 'f0019fdebedb443c98dcb17d88222c38', NULL, '00003', '张小红12', NULL, '1722509618916257793', '1716998698752471041', '1231', '1737370531745972225', '22222', '2222', '1713798809214197762', '测试4', 0, NULL, '2024-03-08 14:42:27');
INSERT INTO `macs_access_records` VALUES ('1765991566216921089', 'f0019fdebedb443c98dcb17d88222c38', NULL, '00003', '张小红12', NULL, '1722509618916257793', '1716998698752471041', '1231', '1737370531745972225', '22222', '2222', '1713798809214197762', '测试4', 0, NULL, '2024-03-08 14:42:27');
INSERT INTO `macs_access_records` VALUES ('1765991579663859714', 'f0019fdebedb443c98dcb17d88222c38', NULL, '00003', '张小红12', NULL, '1722509618916257793', '1716998698752471041', '1231', '1737370531745972225', '22222', '2222', '1713798809214197762', '测试4', 0, NULL, '2024-03-08 14:42:58');
INSERT INTO `macs_access_records` VALUES ('1765991632751165441', 'f0019fdebedb443c98dcb17d88222c38', NULL, '00003', '张小红12', NULL, '1722509618916257793', '1716998698752471041', '1231', '1737370531745972225', '22222', '2222', '1713798809214197762', '测试4', 0, NULL, '2024-03-08 14:42:58');
INSERT INTO `macs_access_records` VALUES ('1765992039208583169', 'f0019fdebedb443c98dcb17d88222c38', NULL, '00003', '张小红12', NULL, '1722509618916257793', '1716998698752471041', '1231', '1737370531745972225', '22222', '2222', '1713798809214197762', '测试4', 0, NULL, '2024-03-08 14:44:47');
INSERT INTO `macs_access_records` VALUES ('1765992175015952386', 'f0019fdebedb443c98dcb17d88222c38', NULL, '00003', '张小红12', NULL, '1722509618916257793', '1716998698752471041', '1231', '1737370531745972225', '22222', '2222', '1713798809214197762', '测试4', 0, NULL, '2024-03-08 14:44:47');
INSERT INTO `macs_access_records` VALUES ('1765992735584735233', 'f0019fdebedb443c98dcb17d88222c38', NULL, '00003', '张小红12', NULL, '1722509618916257793', '1716998698752471041', '1231', '1737370531745972225', '22222', '2222', '1713798809214197762', '测试4', 0, NULL, '2024-03-08 14:47:33');
INSERT INTO `macs_access_records` VALUES ('1765994334998663170', 'f0019fdebedb443c98dcb17d88222c38', NULL, '00003', '张小红12', NULL, '1722509618916257793', '1716998698752471041', '1231', '1737370531745972225', '22222', '2222', '1713798809214197762', '测试4', 0, NULL, '2024-03-08 14:53:55');
INSERT INTO `macs_access_records` VALUES ('1765994784930041857', NULL, NULL, NULL, NULL, NULL, '1722509618916257793', '1716998698752471041', '1231', '1737370531745972225', '22222', '2222', '1713798809214197762', '测试4', 0, '[401] during [GET] to [http://jeecg-system/sys/user/queryById?id=f0019fdebedb443c98dcb17d88222c38] [SystemApi#queryById(String)]: [{\"success\":false,\"message\":\"Token失效，请重新登录!\",\"code\":401,\"result\":null,\"timestamp\":1709880941985}]', '2024-03-08 14:55:42');
INSERT INTO `macs_access_records` VALUES ('1765994805964476418', 'f0019fdebedb443c98dcb17d88222c38', NULL, '00003', '张小红12', NULL, '1722509618916257793', '1716998698752471041', '1231', '1737370531745972225', '22222', '2222', '1713798809214197762', '测试4', 0, NULL, '2024-03-08 14:55:47');
INSERT INTO `macs_access_records` VALUES ('1765998730721529858', 'f0019fdebedb443c98dcb17d88222c38', NULL, '00003', '张小红12', NULL, '1722509618916257793', '1716998698752471041', '1231', '1737370531745972225', '22222', '2222', '1713798809214197762', '测试4', 0, NULL, '2024-03-08 15:11:23');
INSERT INTO `macs_access_records` VALUES ('1765998745829412866', 'f0019fdebedb443c98dcb17d88222c38', NULL, '00003', '张小红12', NULL, '1722509618916257793', '1716998698752471041', '1231', '1737370531745972225', '22222', '2222', '1713798809214197762', '测试4', 0, NULL, '2024-03-08 15:11:26');
INSERT INTO `macs_access_records` VALUES ('1765999334000857090', 'f0019fdebedb443c98dcb17d88222c38', NULL, '00003', '张小红12', NULL, '1722509618916257793', '1716998698752471041', '1231', '1737370531745972225', '22222', '2222', '1713798809214197762', '测试4', 0, NULL, '2024-03-08 15:13:47');
INSERT INTO `macs_access_records` VALUES ('1766000108328075265', 'f0019fdebedb443c98dcb17d88222c38', NULL, 'zhagnxiao', '张小红12', NULL, '1722509618916257793', '1716998698752471041', '1231', '1737370531745972225', '22222', '2222', '1713798809214197762', '测试4', 0, NULL, '2024-03-08 15:16:51');
INSERT INTO `macs_access_records` VALUES ('1766000131874897922', 'f0019fdebedb443c98dcb17d88222c38', NULL, 'zhagnxiao', '张小红12', NULL, '1722509618916257793', '1716998698752471041', '1231', '1737370531745972225', '22222', '2222', '1713798809214197762', '测试4', 0, NULL, '2024-03-08 15:16:57');
INSERT INTO `macs_access_records` VALUES ('1766000204931284994', 'f0019fdebedb443c98dcb17d88222c38', NULL, 'zhagnxiao', '张小红12', NULL, '1722509618916257793', '1716998698752471041', '1231', '1737370531745972225', '22222', '2222', '1713798809214197762', '测试4', 0, NULL, '2024-03-08 15:17:14');
INSERT INTO `macs_access_records` VALUES ('1766002057572184065', 'f0019fdebedb443c98dcb17d88222c38', NULL, 'zhagnxiao', '张小红12', NULL, '1722509618916257793', '1716998698752471041', '1231', '1737370531745972225', '22222', '2222', '1713798809214197762', '测试4', 0, NULL, '2024-03-08 15:24:36');
INSERT INTO `macs_access_records` VALUES ('1788819055209283585', NULL, NULL, NULL, '芋道源码', '1', '1722509618916257793', '1716998698752471041', '1231', NULL, NULL, NULL, '1713798809214197762', '测试4', 3, NULL, '2024-05-10 14:31:12');
INSERT INTO `macs_access_records` VALUES ('1788856941950468097', NULL, NULL, NULL, NULL, NULL, '1722509618916257793', '1716998698752471041', '1231', '1724713287141191682', '测试1', 'ABC', '1713798809214197762', '测试4', 0, '未识别当前用户!', '2024-05-10 17:01:45');
INSERT INTO `macs_access_records` VALUES ('1788857178295304193', NULL, NULL, NULL, NULL, NULL, '1722509618916257793', '1716998698752471041', '1231', '1724713287141191682', '测试1', 'ABC', '1713798809214197762', '测试4', 0, '未识别当前用户!', '2024-05-10 17:02:41');
INSERT INTO `macs_access_records` VALUES ('1788857564255158273', NULL, NULL, NULL, NULL, NULL, '1722509618916257793', '1716998698752471041', '1231', '1724713287141191682', '测试1', 'ABC', '1713798809214197762', '测试4', 0, '未识别当前用户!', '2024-05-10 17:04:13');
INSERT INTO `macs_access_records` VALUES ('1788857900965494785', NULL, NULL, NULL, NULL, NULL, '1722509618916257793', '1716998698752471041', '1231', '1724713287141191682', '测试1', 'ABC', '1713798809214197762', '测试4', 0, '未识别当前用户!', '2024-05-10 17:05:34');
INSERT INTO `macs_access_records` VALUES ('1788858137150947330', NULL, NULL, NULL, NULL, NULL, '1722509618916257793', '1716998698752471041', '1231', '1724713287141191682', '测试1', 'ABC', '1713798809214197762', '测试4', 0, '未识别当前用户!', '2024-05-10 17:06:30');
INSERT INTO `macs_access_records` VALUES ('1788858571529846785', NULL, NULL, NULL, NULL, NULL, '1722509618916257793', '1716998698752471041', '1231', '1724713287141191682', '测试1', 'ABC', '1713798809214197762', '测试4', 0, '当前卡号存在多名用户!', '2024-05-10 17:08:13');
INSERT INTO `macs_access_records` VALUES ('1788860859476541441', NULL, NULL, NULL, NULL, NULL, '1722509618916257793', '1716998698752471041', '1231', '1724713287141191682', '测试1', 'ABC', '1713798809214197762', '测试4', 0, '当前用户不存在!123456', '2024-05-10 17:17:19');
INSERT INTO `macs_access_records` VALUES ('1788861439766888449', NULL, NULL, NULL, NULL, NULL, '1722509618916257793', '1716998698752471041', '1231', '1724713287141191682', '测试1', 'ABC', '1713798809214197762', '测试4', 0, 'Read timed out executing GET http://system-server/rpc-api/system/user/get?id=1', '2024-05-10 17:19:37');
INSERT INTO `macs_access_records` VALUES ('1788861751563059201', NULL, NULL, NULL, NULL, NULL, '1722509618916257793', '1716998698752471041', '1231', '1724713287141191682', '测试1', 'ABC', '1713798809214197762', '测试4', 0, 'Read timed out executing GET http://system-server/rpc-api/system/user/get?id=1', '2024-05-10 17:20:52');

-- ----------------------------
-- Table structure for macs_collector
-- ----------------------------
DROP TABLE IF EXISTS `macs_collector`;
CREATE TABLE `macs_collector`  (
  `id` varchar(32) CHARACTER SET utf8 COLLATE utf8_general_ci NOT NULL,
  `code` varchar(100) CHARACTER SET utf8 COLLATE utf8_general_ci NULL DEFAULT NULL COMMENT '编号',
  `name` varchar(100) CHARACTER SET utf8 COLLATE utf8_general_ci NULL DEFAULT NULL COMMENT '名称',
  `location_code` varchar(2) CHARACTER SET utf8 COLLATE utf8_general_ci NULL DEFAULT NULL COMMENT '位置(0内侧,1外侧...)',
  `door_id` varchar(32) CHARACTER SET utf8 COLLATE utf8_general_ci NULL DEFAULT NULL COMMENT '关联门id',
  `device_id` varchar(32) CHARACTER SET utf8 COLLATE utf8_general_ci NULL DEFAULT NULL COMMENT '关联设备id',
  `device_port` int(4) NULL DEFAULT NULL COMMENT '关联设备位置',
  `status` int(2) NULL DEFAULT NULL COMMENT '设备状态(0未连接,1正常,2读取,3故障...)',
  `type` int(2) NULL DEFAULT NULL COMMENT '采集设备类型(1读取设备,2读写设备)',
  `description` varchar(255) CHARACTER SET utf8 COLLATE utf8_general_ci NULL DEFAULT NULL COMMENT '描述/备注',
  `connection_information` varchar(255) CHARACTER SET utf8 COLLATE utf8_general_ci NULL DEFAULT NULL COMMENT '连接信息',
  `create_by` varchar(32) CHARACTER SET utf8 COLLATE utf8_general_ci NULL DEFAULT NULL COMMENT '创建人',
  `create_time` datetime NULL DEFAULT NULL COMMENT '创建时间',
  `update_by` varchar(32) CHARACTER SET utf8 COLLATE utf8_general_ci NULL DEFAULT NULL COMMENT '更新人',
  `update_time` datetime NULL DEFAULT NULL COMMENT '更新时间',
  PRIMARY KEY (`id`) USING BTREE,
  INDEX `c_device_id`(`device_id`) USING BTREE,
  INDEX `c_door_id`(`door_id`) USING BTREE,
  CONSTRAINT `macs_collector_ibfk_1` FOREIGN KEY (`device_id`) REFERENCES `macs_device` (`id`) ON DELETE CASCADE ON UPDATE NO ACTION,
  CONSTRAINT `macs_collector_ibfk_2` FOREIGN KEY (`door_id`) REFERENCES `macs_door` (`id`) ON DELETE CASCADE ON UPDATE NO ACTION
) ENGINE = InnoDB CHARACTER SET = utf8 COLLATE = utf8_general_ci COMMENT = '(通行卡,人脸,指纹)采集器' ROW_FORMAT = Dynamic;

-- ----------------------------
-- Records of macs_collector
-- ----------------------------
INSERT INTO `macs_collector` VALUES ('1724713287141191682', 'ABC', '测试1', '1', '1716998698752471041', '1722509618916257793', 1, 0, 1, NULL, NULL, 'admin', '2023-11-15 16:57:46', '1', '2024-05-28 17:20:31');
INSERT INTO `macs_collector` VALUES ('1737370531745972225', '2222', '22222', '0', '1716998698752471041', '1722509618916257793', 1, NULL, 1, NULL, NULL, 'admin', '2023-12-20 15:13:08', 'admin', '2024-01-24 13:52:01');
INSERT INTO `macs_collector` VALUES ('1737373822483644418', '3333', '3333', NULL, '1716998698752471041', '1722509936072749057', 3, NULL, 2, NULL, NULL, 'admin', '2023-12-20 15:26:13', '1', '2024-05-21 10:25:22');

-- ----------------------------
-- Table structure for macs_collector_strategy
-- ----------------------------
DROP TABLE IF EXISTS `macs_collector_strategy`;
CREATE TABLE `macs_collector_strategy`  (
  `id` varchar(32) CHARACTER SET utf8 COLLATE utf8_general_ci NOT NULL COMMENT '主键id',
  `collector_id` varchar(32) CHARACTER SET utf8 COLLATE utf8_general_ci NULL DEFAULT NULL COMMENT '设备id',
  `strategy_id` varchar(32) CHARACTER SET utf8 COLLATE utf8_general_ci NULL DEFAULT NULL COMMENT '策略id',
  PRIMARY KEY (`id`) USING BTREE,
  INDEX `ds_collector_id`(`collector_id`) USING BTREE,
  INDEX `ds_strategy_id`(`strategy_id`) USING BTREE,
  CONSTRAINT `macs_collector_strategy_ibfk_1` FOREIGN KEY (`collector_id`) REFERENCES `macs_collector` (`id`) ON DELETE CASCADE ON UPDATE NO ACTION,
  CONSTRAINT `macs_collector_strategy_ibfk_2` FOREIGN KEY (`strategy_id`) REFERENCES `macs_strategy` (`id`) ON DELETE CASCADE ON UPDATE NO ACTION
) ENGINE = InnoDB CHARACTER SET = utf8 COLLATE = utf8_general_ci COMMENT = '设备策略' ROW_FORMAT = Dynamic;

-- ----------------------------
-- Records of macs_collector_strategy
-- ----------------------------
INSERT INTO `macs_collector_strategy` VALUES ('1725030963780726785', '1724713287141191682', '1724667206944612354');
INSERT INTO `macs_collector_strategy` VALUES ('1725031215606738946', '1724713287141191682', '1724608583123996673');

-- ----------------------------
-- Table structure for macs_device
-- ----------------------------
DROP TABLE IF EXISTS `macs_device`;
CREATE TABLE `macs_device`  (
  `id` varchar(32) CHARACTER SET utf8 COLLATE utf8_general_ci NOT NULL,
  `code` varchar(100) CHARACTER SET utf8 COLLATE utf8_general_ci NULL DEFAULT NULL COMMENT '编码',
  `name` varchar(100) CHARACTER SET utf8 COLLATE utf8_general_ci NULL DEFAULT NULL COMMENT '名称',
  `status` int(2) NULL DEFAULT NULL COMMENT '状态(0未连接,1正常,2故障...)',
  `region_id` varchar(32) CHARACTER SET utf8 COLLATE utf8_general_ci NULL DEFAULT NULL COMMENT '区域id',
  `ip` varchar(32) CHARACTER SET utf8 COLLATE utf8_general_ci NULL DEFAULT NULL COMMENT 'ip',
  `port` varchar(8) CHARACTER SET utf8 COLLATE utf8_general_ci NULL DEFAULT NULL COMMENT '端口号',
  `account_number` varchar(100) CHARACTER SET utf8 COLLATE utf8_general_ci NULL DEFAULT NULL COMMENT '账户',
  `password` varchar(100) CHARACTER SET utf8 COLLATE utf8_general_ci NULL DEFAULT NULL COMMENT '密码',
  `enable_status` int(2) NULL DEFAULT NULL COMMENT '启用状态(1启用,0禁用)',
  `create_by` varchar(32) CHARACTER SET utf8 COLLATE utf8_general_ci NULL DEFAULT NULL COMMENT '创建人',
  `create_time` datetime NULL DEFAULT NULL COMMENT '创建时间',
  `update_by` varchar(32) CHARACTER SET utf8 COLLATE utf8_general_ci NULL DEFAULT NULL COMMENT '更新人',
  `update_time` datetime NULL DEFAULT NULL COMMENT '更新时间',
  `manufacturer` varchar(255) CHARACTER SET utf8 COLLATE utf8_general_ci NULL DEFAULT NULL COMMENT '厂商',
  `unit` varchar(255) CHARACTER SET utf8 COLLATE utf8_general_ci NULL DEFAULT NULL COMMENT '型号',
  `connection_information` varchar(255) CHARACTER SET utf8 COLLATE utf8_general_ci NULL DEFAULT NULL COMMENT '连接信息',
  PRIMARY KEY (`id`) USING BTREE,
  UNIQUE INDEX `md_code`(`code`) USING BTREE COMMENT '唯一'
) ENGINE = InnoDB CHARACTER SET = utf8 COLLATE = utf8_general_ci COMMENT = '设备' ROW_FORMAT = Dynamic;

-- ----------------------------
-- Records of macs_device
-- ----------------------------
INSERT INTO `macs_device` VALUES ('1722492198713479169', 'DTest001', '测试设备1', 0, '1713798809214197762', '127.0.0.1', '7014', NULL, NULL, 0, 'admin', '2023-11-09 13:51:57', '1', '2024-05-21 09:52:47', NULL, NULL, NULL);
INSERT INTO `macs_device` VALUES ('1722509618916257793', 'DTest002', '测试设备2', NULL, NULL, '127.0.0.1', '7013', NULL, NULL, 1, 'admin', '2023-11-09 15:01:10', NULL, NULL, NULL, NULL, NULL);
INSERT INTO `macs_device` VALUES ('1722509703309848578', 'DTest003', '测试设备3', 0, NULL, '127.0.0.1', '7013', NULL, NULL, 1, 'admin', '2023-11-09 15:01:31', NULL, NULL, NULL, NULL, NULL);
INSERT INTO `macs_device` VALUES ('1722509867688816641', 'DTest004', '测试设备4', 0, NULL, '127.0.0.1', '7013', NULL, NULL, 1, 'admin', '2023-11-09 15:02:10', NULL, NULL, NULL, NULL, NULL);
INSERT INTO `macs_device` VALUES ('1722509936072749057', 'DTest005', '测试设备5', 0, '1713798681975791618', '127.0.0.1', '7013', NULL, NULL, 1, 'admin', '2023-11-09 15:02:26', '1', '2024-05-28 09:45:50', NULL, NULL, NULL);

-- ----------------------------
-- Table structure for macs_device_config
-- ----------------------------
DROP TABLE IF EXISTS `macs_device_config`;
CREATE TABLE `macs_device_config`  (
  `id` varchar(32) CHARACTER SET utf8 COLLATE utf8_general_ci NOT NULL COMMENT '主键id',
  `device_id` varchar(32) CHARACTER SET utf8 COLLATE utf8_general_ci NOT NULL COMMENT '设备id',
  `users` varchar(2550) CHARACTER SET utf8 COLLATE utf8_general_ci NULL DEFAULT NULL COMMENT '拥有权限用户id集合',
  `visitors` varchar(2550) CHARACTER SET utf8 COLLATE utf8_general_ci NULL DEFAULT NULL COMMENT '拥有权限访客id集合',
  PRIMARY KEY (`id`) USING BTREE
) ENGINE = InnoDB CHARACTER SET = utf8 COLLATE = utf8_general_ci ROW_FORMAT = Dynamic;

-- ----------------------------
-- Records of macs_device_config
-- ----------------------------
INSERT INTO `macs_device_config` VALUES ('1791347099962650626', '1722492198713479169', '[]', '[]');
INSERT INTO `macs_device_config` VALUES ('1791347109693435906', '1722509618916257793', '[{\"deviceNumber\":\"DTest002\",\"userID\":\"false\",\"personId\":\"118\",\"doorsList\":[0,1],\"cardNo\":\"97-5B-D7-DE\",\"facePath\":\"http://192.168.2.45:7011/macs/rest/getImageByName/1793913389596225537\",\"fingerprintPathList\":[\"http://192.168.2.45:7011/macs/rest/getImageByName/1793913389394898945\",\"http://192.168.2.45:7011/macs/rest/getImageByName/1793913389394898946\",\"http://192.168.2.45:7011/macs/rest/getImageByName/1793913389394898947\",\"http://192.168.2.45:7011/macs/rest/getImageByName/1793913389394898948\"]},{\"deviceNumber\":\"DTest002\",\"userID\":\"false\",\"personId\":\"118\",\"doorsList\":[0,1],\"cardNo\":\"97-5B-D7-DE\",\"facePath\":\"http://192.168.2.45:7011/macs/rest/getImageByName/1793913389596225537\",\"fingerprintPathList\":[\"http://192.168.2.45:7011/macs/rest/getImageByName/1793913389394898945\",\"http://192.168.2.45:7011/macs/rest/getImageByName/1793913389394898946\",\"http://192.168.2.45:7011/macs/rest/getImageByName/1793913389394898947\",\"http://192.168.2.45:7011/macs/rest/getImageByName/1793913389394898948\"]}]', '[{\"deviceNumber\":\"DTest002\",\"userID\":\"false\",\"personId\":\"1791648265195884545\",\"validStart\":\"2024-05-17T00:00\",\"validEnd\":\"2024-06-30T00:00\",\"doorsList\":[0,1],\"facePath\":\"http://192.168.2.45:7011/macs/rest/getImageByName/1791736716171882498\",\"fingerprintPathList\":[]},{\"deviceNumber\":\"DTest002\",\"userID\":\"false\",\"personId\":\"1793108640982548481\",\"validStart\":\"2024-05-21T00:00\",\"validEnd\":\"2024-06-30T00:00\",\"doorsList\":[0,1],\"cardNo\":\"1D-5E-73-0B\",\"facePath\":\"http://192.168.2.45:7011/macs/rest/getImageByName/1793911506223706113\",\"fingerprintPathList\":[\"http://192.168.2.45:7011/macs/rest/getImageByName/1793911506030768129\",\"http://192.168.2.45:7011/macs/rest/getImageByName/1793911506030768130\",\"http://192.168.2.45:7011/macs/rest/getImageByName/1793911506030768131\",\"http://192.168.2.45:7011/macs/rest/getImageByName/1793911506030768132\"]}]');
INSERT INTO `macs_device_config` VALUES ('1793922378530746369', '1722509936072749057', '[{\"deviceNumber\":\"DTest005\",\"userID\":\"false\",\"personId\":\"118\",\"doorsList\":[0,1],\"cardNo\":\"97-5B-D7-DE\",\"facePath\":\"http://192.168.2.45:7011/macs/rest/getImageByName/1793913389596225537\",\"fingerprintPathList\":[\"http://192.168.2.45:7011/macs/rest/getImageByName/1793913389394898945\",\"http://192.168.2.45:7011/macs/rest/getImageByName/1793913389394898946\",\"http://192.168.2.45:7011/macs/rest/getImageByName/1793913389394898947\",\"http://192.168.2.45:7011/macs/rest/getImageByName/1793913389394898948\"]},{\"deviceNumber\":\"DTest005\",\"userID\":\"false\",\"personId\":\"118\",\"doorsList\":[0,1],\"cardNo\":\"97-5B-D7-DE\",\"facePath\":\"http://192.168.2.45:7011/macs/rest/getImageByName/1793913389596225537\",\"fingerprintPathList\":[\"http://192.168.2.45:7011/macs/rest/getImageByName/1793913389394898945\",\"http://192.168.2.45:7011/macs/rest/getImageByName/1793913389394898946\",\"http://192.168.2.45:7011/macs/rest/getImageByName/1793913389394898947\",\"http://192.168.2.45:7011/macs/rest/getImageByName/1793913389394898948\"]}]', '[{\"deviceNumber\":\"DTest005\",\"userID\":\"false\",\"personId\":\"1791648265195884545\",\"validStart\":\"2024-05-17T00:00\",\"validEnd\":\"2025-05-04T00:00\",\"doorsList\":[0,1],\"facePath\":\"http://192.168.2.45:7011/macs/rest/getImageByName/1791736716171882498\",\"fingerprintPathList\":[]},{\"deviceNumber\":\"DTest005\",\"userID\":\"false\",\"personId\":\"1793108640982548481\",\"validStart\":\"2024-05-21T00:00\",\"validEnd\":\"2024-06-30T00:00\",\"doorsList\":[0,1],\"cardNo\":\"1D-5E-73-0B\",\"facePath\":\"http://192.168.2.45:7011/macs/rest/getImageByName/1793911506223706113\",\"fingerprintPathList\":[\"http://192.168.2.45:7011/macs/rest/getImageByName/1793911506030768129\",\"http://192.168.2.45:7011/macs/rest/getImageByName/1793911506030768130\",\"http://192.168.2.45:7011/macs/rest/getImageByName/1793911506030768131\",\"http://192.168.2.45:7011/macs/rest/getImageByName/1793911506030768132\"]}]');

-- ----------------------------
-- Table structure for macs_door
-- ----------------------------
DROP TABLE IF EXISTS `macs_door`;
CREATE TABLE `macs_door`  (
  `id` varchar(32) CHARACTER SET utf8 COLLATE utf8_general_ci NOT NULL,
  `name` varchar(100) CHARACTER SET utf8 COLLATE utf8_general_ci NULL DEFAULT NULL COMMENT '名称',
  `code` varchar(100) CHARACTER SET utf8 COLLATE utf8_general_ci NULL DEFAULT NULL COMMENT '编码',
  `region_id` varchar(32) CHARACTER SET utf8 COLLATE utf8_general_ci NULL DEFAULT NULL COMMENT '关联区域id',
  `device_id` varchar(32) CHARACTER SET utf8 COLLATE utf8_general_ci NULL DEFAULT NULL COMMENT '关联设备id',
  `location_name` varchar(255) CHARACTER SET utf8 COLLATE utf8_general_ci NULL DEFAULT NULL COMMENT '位置',
  `door_status` int(2) NULL DEFAULT NULL COMMENT '门禁状态(0关闭,1打开,2故障)',
  `description` varchar(255) CHARACTER SET utf8 COLLATE utf8_general_ci NULL DEFAULT NULL COMMENT '描述/备注',
  `device_port` int(4) NULL DEFAULT NULL COMMENT '关联设备位置',
  PRIMARY KEY (`id`) USING BTREE,
  INDEX `d_region_id`(`region_id`) USING BTREE,
  CONSTRAINT `macs_door_ibfk_1` FOREIGN KEY (`region_id`) REFERENCES `macs_region` (`id`) ON DELETE CASCADE ON UPDATE NO ACTION
) ENGINE = InnoDB CHARACTER SET = utf8 COLLATE = utf8_general_ci ROW_FORMAT = Dynamic;

-- ----------------------------
-- Records of macs_door
-- ----------------------------
INSERT INTO `macs_door` VALUES ('1716995530970828801', '门1', 'door1123123', '1713798809214197761', '1722492198713479169', '大门', 1, '123123', NULL);
INSERT INTO `macs_door` VALUES ('1716998655165263874', '1231', '123123', '1713798681975791617', '1722509618916257793', '123123123', 0, NULL, NULL);
INSERT INTO `macs_door` VALUES ('1716998680599523330', '12312从312', '从231231', '1713798681975791617', '1722509618916257793', '31长313', 0, '层13', NULL);
INSERT INTO `macs_door` VALUES ('1716998698752471041', '1231', '123', '1713798681975791618', '1722509936072749057', '2312', 2, '1231', NULL);

-- ----------------------------
-- Table structure for macs_file
-- ----------------------------
DROP TABLE IF EXISTS `macs_file`;
CREATE TABLE `macs_file`  (
  `id` varchar(40) CHARACTER SET utf8mb4 COLLATE utf8mb4_unicode_ci NOT NULL COMMENT '主键id',
  `name` varchar(256) CHARACTER SET utf8mb4 COLLATE utf8mb4_unicode_ci NULL DEFAULT NULL COMMENT '文件名',
  `path` varchar(512) CHARACTER SET utf8mb4 COLLATE utf8mb4_unicode_ci NOT NULL COMMENT '文件路径',
  `type` varchar(128) CHARACTER SET utf8mb4 COLLATE utf8mb4_unicode_ci NULL DEFAULT NULL COMMENT '文件类型',
  `size` int(11) NOT NULL COMMENT '文件大小',
  `user_id` varchar(40) CHARACTER SET utf8mb4 COLLATE utf8mb4_unicode_ci NULL DEFAULT NULL COMMENT '用户id',
  `visitor_id` varchar(40) CHARACTER SET utf8mb4 COLLATE utf8mb4_unicode_ci NULL DEFAULT NULL COMMENT '访客id',
  `info_type` int(11) NULL DEFAULT NULL COMMENT '文件信息类别 1.人脸 2.指纹',
  `salt` varchar(255) CHARACTER SET utf8 COLLATE utf8_general_ci NULL DEFAULT NULL COMMENT '加密盐',
  PRIMARY KEY (`id`) USING BTREE
) ENGINE = InnoDB CHARACTER SET = utf8mb4 COLLATE = utf8mb4_unicode_ci COMMENT = '文件表' ROW_FORMAT = Dynamic;

-- ----------------------------
-- Records of macs_file
-- ----------------------------
INSERT INTO `macs_file` VALUES ('1791736716171882498', '268ebf9a48fbe451c879f2369e29026dc.bmp', 'E:\\temp\\aa\\', 'image/bmp', 38862, NULL, '1791648265195884545', 2, '7yabXF6TBWYzdLTmCVyY2Q==');
INSERT INTO `macs_file` VALUES ('1793913389394898945', '382d79284ebba46a993d43ae776b658a0.png', 'E:\\temp\\aa\\', 'image/png', 33478, '1783408434967937026', NULL, 3, '0lSwiEhDumGsilBK64SrcQ==');
INSERT INTO `macs_file` VALUES ('1793913389394898946', '324046494282a41d09de3f54ef16e84b9.png', 'E:\\temp\\aa\\', 'image/png', 33478, '1783408434967937026', NULL, 3, '0lSwiEhDumGsilBK64SrcQ==');
INSERT INTO `macs_file` VALUES ('1793913389394898947', '36324e7707ce047b9af213bf1eadf62c7.png', 'E:\\temp\\aa\\', 'image/png', 33478, '1783408434967937026', NULL, 3, '0lSwiEhDumGsilBK64SrcQ==');
INSERT INTO `macs_file` VALUES ('1793913389394898948', '3de483fd757514bb5a112916365a18405.png', 'E:\\temp\\aa\\', 'image/png', 33478, '1783408434967937026', NULL, 3, '0lSwiEhDumGsilBK64SrcQ==');
INSERT INTO `macs_file` VALUES ('1793913389596225537', '2ae79b6b517c34c81bb8ddc70b29081f5.bmp', 'E:\\temp\\aa\\', 'image/bmp', 38862, '1783408434967937026', NULL, 2, 'PbaI0XvIwpuGIYtl5K4wQw==');
INSERT INTO `macs_file` VALUES ('1796092374765678594', '3aca2a6dffd324305bfd175f18e1f5c58.png', 'E:\\temp\\aa\\', 'image/png', 33478, NULL, '1793108640982548481', 3, 'hJqRsOZLnbTrWd71yx4slA==');
INSERT INTO `macs_file` VALUES ('1796092374765678595', '3a530cf925f2e4bf6b78f803911ec080d.png', 'E:\\temp\\aa\\', 'image/png', 33478, NULL, '1793108640982548481', 3, 'hJqRsOZLnbTrWd71yx4slA==');
INSERT INTO `macs_file` VALUES ('1796092374765678596', '384024313865c4273ab8d5729c61502e6.png', 'E:\\temp\\aa\\', 'image/png', 33478, NULL, '1793108640982548481', 3, 'hJqRsOZLnbTrWd71yx4slA==');
INSERT INTO `macs_file` VALUES ('1796092374765678597', '316efb62738ce4532814346e9703dcca4.png', 'E:\\temp\\aa\\', 'image/png', 33478, NULL, '1793108640982548481', 3, 'hJqRsOZLnbTrWd71yx4slA==');
INSERT INTO `macs_file` VALUES ('1796093992458399746', '24d33e87c77f844dcb2f7057fcab5428a.bmp', 'E:\\temp\\aa\\', 'image/bmp', 38862, NULL, '1793108640982548481', 2, 'Med3mXzr1YkAKGaWY568Eg==');

-- ----------------------------
-- Table structure for macs_region
-- ----------------------------
DROP TABLE IF EXISTS `macs_region`;
CREATE TABLE `macs_region`  (
  `id` varchar(32) CHARACTER SET utf8 COLLATE utf8_general_ci NOT NULL COMMENT '主键id',
  `code` varchar(100) CHARACTER SET utf8 COLLATE utf8_general_ci NULL DEFAULT NULL COMMENT '区域编码',
  `name` varchar(100) CHARACTER SET utf8 COLLATE utf8_general_ci NULL DEFAULT NULL COMMENT '区域名称',
  `public_status` tinyint(1) NULL DEFAULT NULL COMMENT '公开状态(0未公开,1公开)',
  `description` varchar(255) CHARACTER SET utf8 COLLATE utf8_general_ci NULL DEFAULT NULL COMMENT '描述',
  `parent_id` varchar(32) CHARACTER SET utf8 COLLATE utf8_general_ci NULL DEFAULT NULL COMMENT '上级id',
  `create_by` varchar(32) CHARACTER SET utf8 COLLATE utf8_general_ci NULL DEFAULT NULL COMMENT '创建人',
  `create_time` datetime NULL DEFAULT NULL COMMENT '创建时间',
  `update_by` varchar(32) CHARACTER SET utf8 COLLATE utf8_general_ci NULL DEFAULT NULL COMMENT '更新人',
  `update_time` datetime NULL DEFAULT NULL COMMENT '更新时间',
  PRIMARY KEY (`id`) USING BTREE,
  INDEX `r_parent_id`(`parent_id`) USING BTREE,
  CONSTRAINT `macs_region_ibfk_1` FOREIGN KEY (`parent_id`) REFERENCES `macs_region` (`id`) ON DELETE CASCADE ON UPDATE NO ACTION
) ENGINE = InnoDB CHARACTER SET = utf8 COLLATE = utf8_general_ci COMMENT = '区域' ROW_FORMAT = Dynamic;

-- ----------------------------
-- Records of macs_region
-- ----------------------------
INSERT INTO `macs_region` VALUES ('1713798681975791617', 'TestA', '测试1', 1, '1', NULL, 'admin', '2023-10-16 14:07:01', 'acs-admin', '2024-01-19 14:44:58');
INSERT INTO `macs_region` VALUES ('1713798681975791618', 'TestB', '测试3', 0, NULL, NULL, 'admin', '2023-10-16 14:07:01', 'acs-admin', '2024-01-19 14:44:36');
INSERT INTO `macs_region` VALUES ('1713798809214197761', 'TestA-1', '测试2', 0, NULL, '1713798681975791617', 'admin', '2023-10-16 14:07:32', 'acs-admin', '2024-01-19 14:44:22');
INSERT INTO `macs_region` VALUES ('1713798809214197762', 'TestC', '测试4', 0, NULL, '1713798681975791618', 'admin', '2023-10-16 14:07:32', 'acs-admin', '2024-01-19 14:44:48');

-- ----------------------------
-- Table structure for macs_strategy
-- ----------------------------
DROP TABLE IF EXISTS `macs_strategy`;
CREATE TABLE `macs_strategy`  (
  `id` varchar(32) CHARACTER SET utf8 COLLATE utf8_general_ci NOT NULL COMMENT '主键id',
  `code` varchar(100) CHARACTER SET utf8 COLLATE utf8_general_ci NULL DEFAULT NULL COMMENT '编码',
  `name` varchar(100) CHARACTER SET utf8 COLLATE utf8_general_ci NULL DEFAULT NULL COMMENT '名称',
  `description` varchar(255) CHARACTER SET utf8 COLLATE utf8_general_ci NULL DEFAULT NULL COMMENT '描述',
  `status` int(11) NULL DEFAULT NULL COMMENT '状态（1启用 0不启用）',
  `create_by` varchar(32) CHARACTER SET utf8 COLLATE utf8_general_ci NULL DEFAULT NULL COMMENT '创建人',
  `create_time` datetime NULL DEFAULT NULL COMMENT '创建时间',
  `update_by` varchar(32) CHARACTER SET utf8 COLLATE utf8_general_ci NULL DEFAULT NULL COMMENT '更新人',
  `update_time` datetime NULL DEFAULT NULL COMMENT '更新时间',
  PRIMARY KEY (`id`) USING BTREE
) ENGINE = InnoDB CHARACTER SET = utf8 COLLATE = utf8_general_ci COMMENT = '策略' ROW_FORMAT = Dynamic;

-- ----------------------------
-- Records of macs_strategy
-- ----------------------------
INSERT INTO `macs_strategy` VALUES ('1724608583123996673', 'noVerification', '无校验通行', NULL, 1, 'admin', '2023-11-15 10:01:43', 'admin', '2023-11-15 13:52:00');
INSERT INTO `macs_strategy` VALUES ('1724667206944612354', 'unmanned', '无人工作区', NULL, 1, 'admin', '2023-11-15 13:54:40', NULL, NULL);

-- ----------------------------
-- Table structure for macs_user
-- ----------------------------
DROP TABLE IF EXISTS `macs_user`;
CREATE TABLE `macs_user`  (
  `id` varchar(40) CHARACTER SET utf8 COLLATE utf8_general_ci NOT NULL COMMENT '主键id',
  `user_id` varchar(40) CHARACTER SET utf8 COLLATE utf8_general_ci NULL DEFAULT NULL COMMENT '用户id',
  `code` varchar(100) CHARACTER SET utf8 COLLATE utf8_general_ci NULL DEFAULT NULL COMMENT '编号/卡号',
  `region_id` varchar(40) CHARACTER SET utf8 COLLATE utf8_general_ci NULL DEFAULT NULL COMMENT '当前所在区域',
  `face_picture` varchar(255) CHARACTER SET utf8 COLLATE utf8_general_ci NULL DEFAULT NULL COMMENT '人脸图片',
  `fingerprint_picture` varchar(2550) CHARACTER SET utf8 COLLATE utf8_general_ci NULL DEFAULT NULL COMMENT '指纹图片',
  PRIMARY KEY (`id`) USING BTREE
) ENGINE = InnoDB CHARACTER SET = utf8 COLLATE = utf8_general_ci ROW_FORMAT = Dynamic;

-- ----------------------------
-- Records of macs_user
-- ----------------------------
INSERT INTO `macs_user` VALUES ('123123', '2', '123', '1713798681975791617', 'https://static.jeecg.com/temp/国炬软件logo_1606575029126.png', '[\"https://static.jeecg.com/temp/国炬软件logo_1606575029126.png\"]');
INSERT INTO `macs_user` VALUES ('1726872334971879426', '1', '123456', NULL, NULL, NULL);
INSERT INTO `macs_user` VALUES ('1726895714383093762', 'e9ca23d68d884d4ebb19d07889727dae', NULL, NULL, NULL, '[\"https://static.jeecg.com/temp/国炬软件logo_1606575029126.png\"]');
INSERT INTO `macs_user` VALUES ('1729408605892046849', 'a75d45a015c44384a04449ee80dc3503', '123456A', NULL, NULL, '[\"https://static.jeecg.com/temp/国炬软件logo_1606575029126.png\"]');
INSERT INTO `macs_user` VALUES ('1749624150499250178', '1748176019676954625', NULL, NULL, 'temp/logo_1702952212389.png', NULL);
INSERT INTO `macs_user` VALUES ('1783408434967937026', '118', '97-5B-D7-DE', NULL, 'http://192.168.2.105:7011/macs/rest/getImageByName/1793913389596225537', '[\"http://192.168.2.45:7011/macs/rest/getImageByName/1793913389394898945\",\"http://192.168.2.45:7011/macs/rest/getImageByName/1793913389394898946\",\"http://192.168.2.45:7011/macs/rest/getImageByName/1793913389394898947\",\"http://192.168.2.45:7011/macs/rest/getImageByName/1793913389394898948\"]');

-- ----------------------------
-- Table structure for macs_user_role_region
-- ----------------------------
DROP TABLE IF EXISTS `macs_user_role_region`;
CREATE TABLE `macs_user_role_region`  (
  `id` varchar(32) CHARACTER SET utf8 COLLATE utf8_general_ci NOT NULL COMMENT '主键id',
  `region_id` varchar(32) CHARACTER SET utf8 COLLATE utf8_general_ci NULL DEFAULT NULL COMMENT '区域id',
  `user_id` varchar(32) CHARACTER SET utf8 COLLATE utf8_general_ci NULL DEFAULT NULL COMMENT '用户id',
  `role_id` varchar(32) CHARACTER SET utf8 COLLATE utf8_general_ci NULL DEFAULT NULL COMMENT '角色id',
  PRIMARY KEY (`id`) USING BTREE,
  INDEX `urr_user_id`(`user_id`) USING BTREE,
  INDEX `urr_role_id`(`role_id`) USING BTREE,
  INDEX `urr_region`(`region_id`) USING BTREE,
  CONSTRAINT `macs_user_role_region_ibfk_1` FOREIGN KEY (`region_id`) REFERENCES `macs_region` (`id`) ON DELETE CASCADE ON UPDATE NO ACTION
) ENGINE = InnoDB CHARACTER SET = utf8 COLLATE = utf8_general_ci COMMENT = '用户角色表' ROW_FORMAT = DYNAMIC;

-- ----------------------------
-- Records of macs_user_role_region
-- ----------------------------
INSERT INTO `macs_user_role_region` VALUES ('1793210025023520770', '1713798681975791617', '118', NULL);
INSERT INTO `macs_user_role_region` VALUES ('1793210025023520771', '1713798809214197762', '118', NULL);
INSERT INTO `macs_user_role_region` VALUES ('1793210025023520772', '1713798681975791618', '118', NULL);
INSERT INTO `macs_user_role_region` VALUES ('1793210025023520773', '1713798809214197761', '118', NULL);

-- ----------------------------
-- Table structure for macs_visitor
-- ----------------------------
DROP TABLE IF EXISTS `macs_visitor`;
CREATE TABLE `macs_visitor`  (
  `id` varchar(32) CHARACTER SET utf8 COLLATE utf8_general_ci NOT NULL COMMENT '主键id',
  `code` varchar(100) CHARACTER SET utf8 COLLATE utf8_general_ci NULL DEFAULT NULL COMMENT '编号/卡号',
  `id_card` varchar(32) CHARACTER SET utf8 COLLATE utf8_general_ci NULL DEFAULT NULL COMMENT '身份证号',
  `name` varchar(100) CHARACTER SET utf8 COLLATE utf8_general_ci NULL DEFAULT NULL COMMENT '真实姓名',
  `avatar` varchar(255) CHARACTER SET utf8 COLLATE utf8_general_ci NULL DEFAULT NULL COMMENT '头像',
  `sex` int(1) NULL DEFAULT NULL COMMENT '性别(0-默认未知,1-男,2-女)',
  `phone` varchar(45) CHARACTER SET utf8 COLLATE utf8_general_ci NULL DEFAULT NULL COMMENT '电话',
  `status` int(2) NULL DEFAULT 0 COMMENT '状态(0-未入场,1-正常,2已离场,3-冻结)',
  `deleted` tinyint(1) NOT NULL DEFAULT 0 COMMENT '删除状态(0-正常,1-已删除)',
  `organization` varchar(64) CHARACTER SET utf8 COLLATE utf8_general_ci NULL DEFAULT NULL COMMENT '公司/组织',
  `department` varchar(100) CHARACTER SET utf8 COLLATE utf8_general_ci NULL DEFAULT NULL COMMENT '部门',
  `region_id` varchar(32) CHARACTER SET utf8 COLLATE utf8_general_ci NULL DEFAULT NULL COMMENT '当前所在区域',
  `create_by` varchar(32) CHARACTER SET utf8 COLLATE utf8_general_ci NULL DEFAULT NULL COMMENT '创建人',
  `create_time` datetime NULL DEFAULT NULL COMMENT '创建时间',
  `update_by` varchar(32) CHARACTER SET utf8 COLLATE utf8_general_ci NULL DEFAULT NULL COMMENT '更新人',
  `update_time` datetime NULL DEFAULT NULL COMMENT '更新时间',
  `face_picture` varchar(255) CHARACTER SET utf8 COLLATE utf8_general_ci NULL DEFAULT NULL COMMENT '人脸图片',
  `fingerprint_picture` varchar(2550) CHARACTER SET utf8 COLLATE utf8_general_ci NULL DEFAULT NULL COMMENT '指纹图片',
  PRIMARY KEY (`id`) USING BTREE
) ENGINE = InnoDB CHARACTER SET = utf8 COLLATE = utf8_general_ci COMMENT = '申请角色' ROW_FORMAT = Dynamic;

-- ----------------------------
-- Records of macs_visitor
-- ----------------------------
INSERT INTO `macs_visitor` VALUES ('1749972181828485121', NULL, '1111111111111111', '张三3', '', 1, '13111111111', 1, 0, '123123', '123123', NULL, 'admin', '2024-01-24 09:47:36', '1', '2024-05-11 13:26:04', NULL, NULL);
INSERT INTO `macs_visitor` VALUES ('1749985571087040513', NULL, '11111112222222222', '张三1', 'https://static.jeecg.com/temp/国炬软件logo_1606575029126.png', 2, '13111111111', 1, 0, '123123', '123123', NULL, 'admin', '2024-01-24 10:40:48', '1', '2024-05-11 10:47:57', NULL, NULL);
INSERT INTO `macs_visitor` VALUES ('1749985629018767362', NULL, '111111111111111', '张三1', '', 1, '13111111111', 1, 0, NULL, NULL, NULL, 'admin', '2024-01-24 10:41:02', NULL, NULL, NULL, NULL);
INSERT INTO `macs_visitor` VALUES ('1750041202829541377', NULL, '222222222222222', 'AA', '', 2, '13999999999', 1, 0, NULL, NULL, NULL, 'admin', '2024-01-24 14:21:52', NULL, NULL, NULL, NULL);
INSERT INTO `macs_visitor` VALUES ('1750041202829541380', '1234567A', '233333333333333', 'BB', '', 1, '15111111111', 1, 0, NULL, NULL, NULL, 'admin', '2024-01-24 14:21:52', NULL, NULL, NULL, NULL);
INSERT INTO `macs_visitor` VALUES ('1750059594810601473', NULL, '1111111111111114', '张三4', 'temp/logo_1702952212389.png', 1, '13111111111', 2, 0, '啊啊', 'bb', NULL, 'admin', '2024-01-24 15:34:57', 'admin', '2024-01-24 15:48:54', NULL, NULL);
INSERT INTO `macs_visitor` VALUES ('1785124158249869314', NULL, '333', '333', NULL, 1, '333', 0, 0, NULL, NULL, NULL, NULL, NULL, NULL, NULL, NULL, NULL);
INSERT INTO `macs_visitor` VALUES ('1788103775445233665', NULL, '11111', '11111', NULL, NULL, '11111', 0, 0, '11111', '11111', NULL, '1', '2024-05-08 15:08:56', NULL, NULL, NULL, NULL);
INSERT INTO `macs_visitor` VALUES ('1788105576655572993', NULL, '11111', '11111', NULL, 1, '11111', 0, 0, '11111', '11111', NULL, '1', '2024-05-08 15:16:06', NULL, NULL, NULL, NULL);
INSERT INTO `macs_visitor` VALUES ('1788108938524430337', NULL, NULL, NULL, NULL, NULL, NULL, 0, 0, NULL, NULL, NULL, '1', '2024-05-08 15:29:27', NULL, NULL, NULL, NULL);
INSERT INTO `macs_visitor` VALUES ('1791648265195884545', NULL, '200100200001010010', '法外狂徒', NULL, 1, '19999999999', 0, 0, 'miyu', 'test', NULL, '1', '2024-05-18 09:53:28', '1', '2024-05-18 15:48:43', 'http://192.168.2.45:7011/macs/rest/getImageByName/1791736716171882498', NULL);
INSERT INTO `macs_visitor` VALUES ('1793108640982548481', '1D-5E-73-0B', '210727200404253914', '赵俊杰', NULL, 1, '11111111111', 1, 0, 'miyu', 'miyu', NULL, '1', '2024-05-22 10:36:29', '1', '2024-05-30 16:19:12', 'http://192.168.2.105:7011/macs/rest/getImageByName/1796093992458399746', '[\"http://192.168.2.105:7011/macs/rest/getImageByName/1796092374765678594\",\"http://192.168.2.105:7011/macs/rest/getImageByName/1796092374765678595\",\"http://192.168.2.105:7011/macs/rest/getImageByName/1796092374765678596\",\"http://192.168.2.105:7011/macs/rest/getImageByName/1796092374765678597\"]');

-- ----------------------------
-- Table structure for macs_visitor_region
-- ----------------------------
DROP TABLE IF EXISTS `macs_visitor_region`;
CREATE TABLE `macs_visitor_region`  (
  `id` varchar(32) CHARACTER SET utf8 COLLATE utf8_general_ci NOT NULL COMMENT '主键id',
  `visitor_id` varchar(32) CHARACTER SET utf8 COLLATE utf8_general_ci NULL DEFAULT NULL COMMENT '访客id',
  `region_id` varchar(32) CHARACTER SET utf8 COLLATE utf8_general_ci NULL DEFAULT NULL COMMENT '区域id',
  `application_id` varchar(32) CHARACTER SET utf8 COLLATE utf8_general_ci NULL DEFAULT NULL COMMENT '访客申请id',
  `effective_date` datetime NULL DEFAULT NULL COMMENT '生效日期',
  `invalid_date` datetime NULL DEFAULT NULL COMMENT '失效日期',
  PRIMARY KEY (`id`) USING BTREE,
  INDEX `vr_visitor_id`(`visitor_id`) USING BTREE,
  INDEX `vr_region_id`(`region_id`) USING BTREE,
  INDEX `vr_application_id`(`application_id`) USING BTREE,
  CONSTRAINT `macs_visitor_region_ibfk_1` FOREIGN KEY (`application_id`) REFERENCES `macs_access_application` (`id`) ON DELETE CASCADE ON UPDATE NO ACTION,
  CONSTRAINT `macs_visitor_region_ibfk_2` FOREIGN KEY (`region_id`) REFERENCES `macs_region` (`id`) ON DELETE CASCADE ON UPDATE NO ACTION,
  CONSTRAINT `macs_visitor_region_ibfk_3` FOREIGN KEY (`visitor_id`) REFERENCES `macs_visitor` (`id`) ON DELETE CASCADE ON UPDATE NO ACTION
) ENGINE = InnoDB CHARACTER SET = utf8 COLLATE = utf8_general_ci ROW_FORMAT = Dynamic;

-- ----------------------------
-- Records of macs_visitor_region
-- ----------------------------
INSERT INTO `macs_visitor_region` VALUES ('1795696044549472258', '1793108640982548481', '1713798681975791617', '1795692264353357826', '2024-05-28 00:00:00', '2025-05-30 00:00:00');
INSERT INTO `macs_visitor_region` VALUES ('1795696044549472259', '1793108640982548481', '1713798681975791618', '1795692264353357826', '2024-05-28 00:00:00', '2025-05-30 00:00:00');
INSERT INTO `macs_visitor_region` VALUES ('1795696044549472260', '1793108640982548481', '1713798809214197762', '1795692264353357826', '2024-05-28 00:00:00', '2025-05-30 00:00:00');
INSERT INTO `macs_visitor_region` VALUES ('1795696044549472261', '1793108640982548481', '1713798809214197761', '1795692264353357826', '2024-05-28 00:00:00', '2025-05-30 00:00:00');

SET FOREIGN_KEY_CHECKS = 1;
